,Income,Recency,DaysRegistered,AcceptedCmpAll,MntTotal
1,46344.0,38,2719,0,27
2,71613.0,26,2918,0,776
3,26646.0,26,2745,0,53
4,58293.0,94,2767,0,422
5,62513.0,16,2899,0,716
6,55635.0,34,3199,0,590
7,33454.0,32,3023,0,169
8,30351.0,19,2994,0,46
11,7500.0,59,3199,0,61
13,59354.0,53,2832,0,310
14,17323.0,38,3233,0,46
15,82800.0,23,3188,2,1315
16,41850.0,51,3158,0,96
17,37760.0,20,3273,0,317
18,76995.0,91,3064,1,1782
19,33812.0,86,3209,0,133
20,37040.0,41,3296,0,316
22,58607.0,63,3159,1,972
23,65324.0,0,2775,0,544
24,40689.0,69,3074,0,444
25,18589.0,89,3149,0,75
26,53359.0,4,3004,0,257
28,38360.0,26,3000,0,131
30,10979.0,34,2644,0,30
31,38620.0,56,3020,0,318
32,40548.0,31,3233,1,120
33,46610.0,8,3214,0,302
34,68657.0,4,3100,0,1196
35,49389.0,55,2910,0,65
36,67353.0,37,2786,0,913
37,23718.0,76,2906,0,81
38,42429.0,99,2744,0,67
41,20559.0,88,3080,0,53
42,21994.0,4,3158,0,22
44,7500.0,19,2876,0,31
46,7500.0,24,3203,0,122
47,41728.0,92,3007,0,55
50,65486.0,29,2654,0,507
52,35790.0,54,3149,0,72
54,66373.0,57,2988,0,606
56,70287.0,30,3059,0,1093
57,27938.0,31,2668,0,29
59,55954.0,63,2724,0,518
60,75777.0,12,2966,2,1438
61,66653.0,18,3266,0,612
62,61823.0,26,3102,0,884
63,67680.0,8,2989,0,606
64,70666.0,29,2811,0,1076
65,25721.0,75,3010,0,34
66,32474.0,0,2655,0,11
68,69096.0,4,2881,0,653
69,74854.0,90,3053,0,1562
72,65031.0,29,3075,0,863
73,60631.0,88,3056,1,661
74,28332.0,58,2666,0,65
75,40246.0,68,3163,0,13
77,75825.0,40,3231,1,2209
78,26326.0,12,2904,0,18
79,56046.0,9,3149,1,692
80,29760.0,87,3275,0,165
81,26304.0,5,2977,0,16
82,23559.0,87,2967,0,79
83,38620.0,56,3020,0,318
85,29440.0,95,2928,0,56
86,36138.0,48,2954,1,151
87,50388.0,3,2638,2,372
88,79593.0,70,2654,1,1366
89,54178.0,79,2765,0,194
93,42394.0,69,2704,0,32
94,23626.0,84,2642,0,43
95,30096.0,30,2644,0,45
96,47916.0,72,3190,1,606
97,51813.0,37,3050,0,63
99,50150.0,32,2980,0,410
100,47823.0,0,2947,0,72
101,34554.0,43,2697,0,55
103,65846.0,68,3014,0,1120
105,24594.0,94,2807,0,29
106,49096.0,15,2884,0,187
107,52413.0,56,3118,0,910
108,38557.0,17,3163,0,145
110,77298.0,46,2845,0,969
112,57288.0,27,2610,1,608
113,86037.0,95,3149,2,730
114,43974.0,19,3170,0,551
115,50785.0,27,2898,0,114
117,36550.0,74,3101,0,577
118,30753.0,85,2959,0,81
119,21918.0,37,2833,0,33
120,56129.0,65,2980,0,660
121,32557.0,13,2731,0,80
122,19510.0,63,2904,0,30
123,30992.0,83,3039,0,43
124,101970.0,69,3080,3,1135
125,71488.0,87,3102,0,559
127,54348.0,51,2627,0,90
129,77376.0,72,2656,0,661
130,62998.0,10,2878,0,463
131,61331.0,42,3082,0,632
132,73448.0,10,2745,0,725
134,41551.0,51,2925,0,279
135,62981.0,21,3075,1,1482
136,9548.0,31,3296,0,29
137,33762.0,61,2963,0,106
138,35860.0,37,2647,1,49
139,36921.0,74,2942,0,38
141,65104.0,4,2833,0,1053
142,86111.0,73,3042,0,1385
143,68352.0,47,2911,0,871
144,41883.0,13,3073,0,312
145,59809.0,36,3225,0,877
146,23957.0,47,3215,0,68
147,38547.0,49,2911,0,22
148,35688.0,94,3282,0,211
149,49605.0,65,2614,0,127
150,59354.0,59,2672,0,459
151,65747.0,96,2720,1,460
152,46344.0,28,3168,0,429
153,34176.0,12,2654,0,89
154,61010.0,57,3234,0,1021
155,69372.0,10,3101,2,1381
156,49967.0,4,2962,0,306
157,60199.0,49,2896,0,18
158,55375.0,3,2861,0,162
159,80317.0,64,2919,0,1231
160,30523.0,0,2969,0,13
162,23228.0,91,2781,0,121
163,74165.0,9,3030,0,1293
165,43482.0,83,2834,0,88
166,62551.0,27,2829,1,421
167,52332.0,63,2911,1,259
169,26091.0,84,2730,0,89
170,33456.0,58,2675,0,36
171,28718.0,78,2957,0,57
172,50447.0,4,2675,0,148
173,53537.0,17,2756,0,93
174,52074.0,77,2692,1,119
175,80427.0,56,3261,0,1835
177,38853.0,90,2643,0,45
178,38285.0,96,2611,0,10
180,51650.0,81,2655,0,191
181,16248.0,77,2656,0,57
182,66835.0,21,2880,0,1033
183,30477.0,16,2764,0,66
184,28249.0,80,2620,0,43
185,25271.0,45,3177,0,50
186,32303.0,63,2719,0,39
187,61286.0,34,2937,0,608
189,45759.0,13,3097,0,68
190,24882.0,52,3264,1,80
191,66973.0,98,3014,0,1282
192,36640.0,99,2882,0,65
193,38872.0,93,3001,0,91
194,51148.0,38,3102,0,315
195,31353.0,24,2788,0,31
196,69661.0,80,2653,0,834
199,46854.0,81,2696,1,263
200,69142.0,50,2606,1,535
202,63693.0,63,2864,0,1150
204,40637.0,72,2953,0,38
205,18890.0,5,3202,1,35
206,29604.0,88,2809,1,53
207,48721.0,50,3018,0,293
208,44794.0,99,2627,0,65
210,46097.0,11,3061,0,241
211,77972.0,18,2709,0,1101
212,44377.0,70,3238,0,264
215,41443.0,79,2695,0,482
216,52195.0,2,2654,0,17
218,44551.0,24,2908,0,285
219,69508.0,48,3198,0,1135
220,45204.0,93,2685,0,114
221,72460.0,56,2833,0,1047
222,77622.0,3,2682,0,714
223,30732.0,44,3146,0,185
224,63887.0,38,3265,0,1245
225,42011.0,46,3066,0,189
226,51369.0,84,3218,0,576
227,51537.0,27,3173,0,1103
228,79930.0,72,3296,0,1753
229,34320.0,66,2739,0,17
232,38590.0,65,3016,0,22
233,15033.0,37,2680,0,19
234,62745.0,89,3069,0,1117
235,22212.0,49,2808,0,69
236,23661.0,46,2813,0,23
237,79761.0,32,2874,0,605
238,7500.0,54,2791,0,57
239,60182.0,23,2649,0,22
241,64961.0,97,3159,0,1009
242,22804.0,75,2939,0,26
244,61074.0,37,3287,0,1102
245,31686.0,31,2630,0,17
246,80134.0,40,3011,3,1690
247,75027.0,74,3142,0,1390
250,31160.0,59,2892,0,64
251,29938.0,52,2851,0,26
253,26490.0,92,3251,0,210
254,75702.0,77,3275,0,1148
255,30899.0,35,3230,0,33
256,63342.0,48,3227,1,1101
257,45989.0,97,3221,0,322
258,18701.0,95,2996,0,44
259,40737.0,24,2809,0,17
260,15287.0,60,3233,1,31
261,69674.0,46,3009,0,845
262,44159.0,85,2618,0,275
263,37717.0,31,3189,0,25
264,43776.0,9,3117,0,275
265,38179.0,30,3078,0,90
267,38097.0,70,3228,1,184
269,22070.0,11,2874,0,67
270,69267.0,31,3251,0,1635
271,31788.0,15,2707,0,60
272,61905.0,2,2751,0,231
273,29315.0,55,2690,0,48
274,33378.0,38,3114,0,99
275,66313.0,86,2892,0,770
278,69867.0,30,3059,1,925
279,63841.0,64,3040,0,908
280,24480.0,46,3109,0,102
281,51369.0,84,3218,0,576
282,37760.0,20,3273,0,317
283,65640.0,74,2726,0,461
284,44319.0,18,2679,0,37
285,30631.0,75,2958,0,70
286,75278.0,17,3122,0,930
289,35416.0,62,2987,0,390
290,32414.0,11,2966,1,52
291,38361.0,74,2790,0,137
293,16626.0,76,2771,0,68
294,29672.0,6,3080,0,25
295,55951.0,62,3281,2,1374
296,35388.0,20,3085,0,32
297,42386.0,43,3138,0,100
298,68627.0,45,3139,0,825
299,57912.0,34,2710,1,916
300,35246.0,53,2680,0,62
301,58821.0,44,2866,0,728
302,46377.0,89,2726,0,90
303,39747.0,43,2683,0,273
304,23976.0,68,2790,0,66
306,27038.0,64,3255,0,107
307,77457.0,85,2722,1,1157
308,64100.0,93,2898,1,546
309,42670.0,12,3034,0,241
310,12571.0,86,2768,0,53
311,22574.0,28,2850,0,37
313,70893.0,42,3114,0,1508
314,54198.0,13,2800,0,235
315,28839.0,86,2716,0,32
316,40321.0,59,2941,0,102
317,66503.0,30,3290,0,401
318,30833.0,33,2954,0,28
320,64795.0,23,3134,0,680
321,34421.0,81,2969,0,30
322,47025.0,6,2746,0,20
323,64325.0,41,3113,0,1307
324,40464.0,78,3140,0,630
325,62187.0,49,2965,0,1283
326,14849.0,39,2968,0,65
327,27255.0,3,2840,0,37
328,54432.0,37,3022,0,38
329,29999.0,22,3107,0,160
330,24072.0,79,3045,0,23
331,33996.0,46,2897,0,71
332,66334.0,82,3058,0,1161
333,35178.0,10,3141,1,59
334,22010.0,51,2970,0,33
335,62204.0,38,3261,0,946
337,30675.0,14,3200,0,62
338,83003.0,18,3089,1,1674
341,41411.0,11,2810,0,139
342,55212.0,65,3189,2,1182
343,59292.0,71,2987,0,507
344,27190.0,13,2924,1,18
346,44300.0,65,2977,0,42
348,30372.0,33,3157,0,44
349,33181.0,90,2783,1,16
350,71113.0,95,2800,0,835
351,71952.0,93,3141,2,1443
352,69759.0,38,2850,0,1029
353,72099.0,18,3216,0,1188
354,60000.0,57,3160,0,1277
355,38643.0,45,2818,0,49
356,50737.0,61,3020,1,99
357,68462.0,6,3170,0,1670
358,65073.0,65,2919,0,900
359,46681.0,52,2870,0,425
361,62187.0,38,2705,0,636
362,28442.0,53,2731,0,57
363,37717.0,31,3189,0,25
364,51479.0,67,3154,0,494
365,54803.0,65,3283,0,693
367,31615.0,82,3076,0,51
369,52614.0,63,3181,0,990
370,35684.0,66,2674,0,30
371,48178.0,69,3215,0,254
372,29548.0,52,2910,1,29
373,63810.0,45,3201,1,1371
374,38578.0,2,2978,0,73
375,46098.0,86,3286,0,120
376,22585.0,23,3074,1,81
377,30279.0,13,3152,0,37
378,66426.0,14,2876,0,1377
379,30822.0,92,2986,0,51
380,33581.0,38,3143,0,17
381,19986.0,74,2833,0,22
382,27421.0,14,3170,0,324
383,35688.0,94,3282,0,211
384,36143.0,33,2697,0,19
385,10245.0,32,3016,0,41
386,43795.0,11,2862,1,492
387,63381.0,78,3238,0,1005
388,38823.0,56,3274,0,114
389,83664.0,57,3023,0,1173
390,90300.0,7,2783,1,1738
391,62499.0,0,2808,0,222
393,51012.0,86,3043,0,209
394,70777.0,80,2730,0,787
395,68682.0,56,2872,0,1598
396,43824.0,18,3258,0,186
397,15345.0,51,3273,0,47
398,23442.0,71,3158,0,27
399,14515.0,71,3203,0,96
400,31395.0,80,3069,0,64
401,75276.0,2,3246,0,1040
402,42373.0,83,2924,0,163
403,30507.0,29,3081,0,343
405,48006.0,55,2626,0,41
406,27213.0,19,3274,0,70
407,65808.0,1,2636,0,272
408,30351.0,19,2994,0,46
409,50437.0,28,3226,0,490
410,23616.0,76,3195,0,79
412,66465.0,1,3062,1,1485
413,46923.0,90,3282,0,369
414,75072.0,83,3128,0,1073
415,75865.0,73,2696,0,1242
416,19789.0,24,2827,1,78
417,80134.0,11,2741,4,1378
420,37401.0,14,2660,0,48
421,30096.0,30,2644,0,45
422,18492.0,75,2630,0,10
423,82584.0,26,2996,2,1435
425,48686.0,8,2813,0,20
426,92910.0,42,2672,3,1795
427,75433.0,28,2691,2,1188
428,10404.0,52,2662,0,43
430,84865.0,1,3022,4,1688
433,75236.0,27,2822,0,1068
434,30015.0,28,2753,0,57
435,50943.0,49,2979,0,46
436,67272.0,12,2796,0,733
437,51529.0,14,2901,0,467
438,32011.0,89,2917,0,122
439,7500.0,96,3113,0,36
440,28691.0,56,2966,0,34
441,56223.0,72,2797,0,156
442,18100.0,14,2933,0,14
443,30279.0,13,3152,0,37
444,20130.0,99,2710,0,34
445,23295.0,72,2957,0,20
446,42618.0,92,2869,0,192
448,24027.0,7,2991,0,48
449,55707.0,91,2795,0,428
450,57959.0,71,3029,0,868
451,56796.0,24,3104,0,1001
452,36230.0,17,2861,0,59
453,70829.0,87,2816,0,431
454,65991.0,21,3266,0,971
455,38988.0,90,3284,0,348
457,42207.0,71,3060,1,265
458,50300.0,52,2641,0,270
460,60597.0,2,2785,1,893
462,50520.0,25,2758,0,135
464,33183.0,46,2731,0,120
465,66582.0,83,2724,0,1288
466,75261.0,17,3038,2,1743
467,31880.0,13,3212,0,15
468,53790.0,86,2721,0,542
469,49269.0,92,3289,0,890
471,37406.0,18,2868,0,17
472,56937.0,81,3300,1,906
473,38415.0,91,3149,0,44
474,20518.0,58,2648,0,25
475,62503.0,40,3102,0,973
476,41644.0,67,2657,0,31
477,55842.0,19,2643,0,518
478,62010.0,93,3220,0,530
479,41124.0,41,3212,0,506
480,38961.0,60,2787,0,70
481,37760.0,54,2928,0,54
482,32233.0,26,3285,1,296
483,43057.0,30,2848,0,266
484,83151.0,93,3233,0,747
486,65104.0,4,2833,0,1053
487,60093.0,92,2974,0,735
488,14045.0,24,2760,0,20
489,28457.0,96,3215,0,205
490,78952.0,11,3249,0,2092
491,46310.0,99,3179,0,309
493,58308.0,77,3139,0,900
494,55614.0,85,2820,1,682
495,59432.0,88,3048,0,663
496,55563.0,22,2691,0,43
498,67911.0,63,2644,0,976
499,65275.0,9,3058,0,746
500,27203.0,92,3298,0,64
501,48330.0,2,2832,0,32
502,24279.0,6,3153,0,263
503,64355.0,66,3280,0,1445
504,50943.0,49,2979,0,46
505,53653.0,29,3205,0,1210
507,81217.0,77,2951,0,1157
508,34935.0,71,2979,0,137
509,61250.0,49,3166,0,730
510,39665.0,97,3006,1,216
511,60152.0,6,3064,0,943
512,48920.0,93,2858,1,347
513,89120.0,78,2710,1,1924
514,44124.0,62,3020,0,397
515,81169.0,47,3047,0,2089
516,36443.0,9,3117,0,138
517,26095.0,77,2970,0,42
518,71367.0,24,2916,0,777
519,80184.0,19,2726,2,1902
520,30630.0,67,2759,0,52
521,73454.0,95,2726,1,1651
522,42691.0,48,2923,0,358
524,25545.0,35,3265,0,210
525,32880.0,76,3178,0,42
526,77863.0,20,2820,0,1291
527,50353.0,72,2627,0,442
529,49154.0,69,2844,0,411
530,47682.0,80,3105,0,521
531,72679.0,65,2890,0,1168
532,57954.0,52,2617,1,493
533,65316.0,65,3037,0,260
534,28567.0,57,2983,0,46
535,47352.0,70,3050,0,319
536,44931.0,0,2768,0,96
538,57247.0,50,2931,0,232
539,22944.0,67,2794,0,76
540,25315.0,46,2840,0,54
541,43638.0,37,3298,0,201
542,42710.0,38,3184,0,406
544,54058.0,56,2996,0,662
545,24683.0,98,2719,0,41
547,47850.0,72,2814,0,134
548,19514.0,47,2760,1,69
549,27159.0,33,2698,0,21
550,39548.0,87,2696,0,54
551,21474.0,0,2688,1,91
552,60504.0,73,2748,0,526
553,22419.0,74,3043,0,162
554,81698.0,4,2841,0,1008
555,43462.0,50,3261,0,240
556,54880.0,57,3091,0,795
558,15315.0,27,2936,0,64
560,33039.0,4,2899,0,78
562,71499.0,12,2975,0,795
563,62466.0,13,2771,0,889
564,48799.0,9,2842,0,331
565,52157.0,48,2628,0,265
566,66565.0,80,3177,0,1065
567,29298.0,60,2901,0,11
568,47691.0,43,2965,0,21
569,38200.0,19,3175,0,17
570,44989.0,26,3261,0,369
571,38443.0,58,2759,0,38
572,38593.0,42,2895,0,177
573,64413.0,27,2938,0,279
574,36959.0,56,2876,0,62
575,61996.0,27,3120,3,1230
576,51287.0,10,2695,0,182
577,13260.0,48,2916,0,49
578,47472.0,39,2892,0,75
579,54603.0,85,2961,0,227
580,45207.0,64,3202,1,215
581,40689.0,69,3074,0,444
582,47821.0,54,2858,0,47
583,27450.0,57,3046,0,143
584,39453.0,64,2693,0,55
585,26850.0,10,2678,0,63
587,61794.0,74,2894,0,611
588,53863.0,4,2649,1,473
589,24221.0,94,2919,0,55
590,39684.0,41,3231,0,81
592,69882.0,94,2837,0,1478
593,33178.0,9,2756,0,49
594,59973.0,47,2897,0,382
595,17459.0,12,2889,0,69
596,23910.0,80,3217,0,67
597,42169.0,20,2859,0,30
598,26224.0,39,2996,0,63
599,31089.0,57,3287,0,79
600,30081.0,27,3099,0,42
601,62807.0,83,3273,0,819
602,72906.0,79,2891,0,1151
603,61467.0,69,3173,0,594
604,49618.0,77,3125,0,129
605,21888.0,15,3153,0,213
606,42429.0,99,2744,0,67
607,26150.0,61,3081,0,28
608,30801.0,23,3217,0,45
609,81168.0,84,2659,1,1193
610,26877.0,74,2920,0,268
611,45006.0,90,2952,0,266
612,18978.0,41,3171,0,37
613,22574.0,28,2850,0,37
614,48240.0,73,3203,0,882
615,45837.0,88,2944,0,373
616,35791.0,94,3025,0,35
618,54162.0,31,3074,0,42
619,30522.0,6,3287,0,326
620,54456.0,23,2959,0,404
621,31632.0,92,2956,0,95
622,72298.0,52,2717,2,939
623,36975.0,50,2789,0,33
624,72635.0,54,2997,1,981
625,13624.0,93,3131,0,36
628,34487.0,94,3267,0,103
629,28769.0,76,3164,0,191
630,69084.0,43,2828,0,1586
631,65488.0,46,2622,0,963
632,62466.0,13,2771,0,889
633,32218.0,27,2740,1,93
635,46102.0,3,2717,0,16
637,56181.0,6,3143,0,393
638,63120.0,53,3245,0,1477
639,73691.0,58,2841,1,1179
640,63381.0,78,3238,0,1005
641,76140.0,57,2653,0,1348
642,62859.0,37,3152,0,1307
643,45906.0,20,3024,1,486
644,77632.0,73,3082,2,2252
645,46463.0,56,2921,0,235
647,55282.0,9,2804,0,235
648,78710.0,42,2643,0,1092
649,66886.0,28,2892,0,599
650,98777.0,23,2738,1,2008
651,29103.0,38,3277,0,48
652,67445.0,63,3292,0,1174
653,50616.0,71,2683,0,67
654,49431.0,9,3301,0,365
656,61278.0,87,2782,0,165
657,26490.0,92,3251,0,210
658,73059.0,36,2908,0,1095
659,46734.0,86,2857,1,223
660,56253.0,83,3175,0,597
661,19986.0,74,2833,0,22
662,58330.0,87,2792,0,1064
663,25965.0,29,3266,0,74
664,14661.0,88,3150,0,26
665,18690.0,77,3154,0,60
666,45068.0,25,3015,0,20
667,21063.0,34,2883,0,59
668,29187.0,43,3022,0,34
669,54690.0,76,2840,0,198
670,59304.0,81,2941,0,1048
671,59247.0,87,2839,0,574
673,77353.0,38,2801,0,670
674,52614.0,63,3181,0,990
675,26751.0,26,2644,0,11
676,81300.0,17,3213,1,1241
677,70337.0,75,2784,0,576
678,36145.0,13,2984,1,172
679,65295.0,19,2794,0,664
680,68118.0,51,2860,0,928
681,68743.0,81,3274,0,2074
682,41039.0,32,2945,0,467
683,38946.0,84,2854,0,257
684,65777.0,87,2798,0,1146
685,66476.0,99,3085,0,689
688,77845.0,40,2650,2,1346
689,69476.0,3,2878,0,1044
690,50611.0,98,3239,1,493
691,61209.0,73,2914,0,957
692,42315.0,90,2958,0,270
693,13084.0,29,2845,0,29
694,47570.0,3,3002,0,121
695,61923.0,94,2944,0,126
696,34824.0,65,2701,0,23
697,26518.0,33,3053,0,57
698,45938.0,46,2844,0,636
699,78468.0,29,2687,1,1004
700,78901.0,99,2891,0,734
701,71427.0,26,2715,0,614
703,90247.0,27,2667,3,1621
704,41335.0,24,2791,0,187
705,71952.0,93,3141,2,1443
706,35682.0,34,2608,0,57
707,43185.0,88,3051,0,637
709,35178.0,10,3141,1,59
710,25252.0,26,2958,0,18
711,55250.0,49,3222,0,903
712,33249.0,11,3100,0,112
713,58398.0,44,3017,0,596
714,50272.0,75,2932,0,233
717,25851.0,45,3109,0,48
718,58710.0,77,3061,0,1185
719,45160.0,9,2698,0,21
720,74806.0,1,3163,0,965
721,59111.0,90,3029,0,869
722,18988.0,43,2643,0,16
724,7500.0,19,3303,1,71
725,44794.0,99,2627,0,65
726,80395.0,62,2824,1,1380
727,75012.0,41,2761,0,1027
728,56962.0,60,2867,0,411
730,35946.0,24,2881,0,11
731,53593.0,60,3297,0,480
732,66373.0,57,2988,0,606
733,45072.0,74,2862,0,284
734,89694.0,22,2869,3,1472
735,72025.0,46,2667,3,1677
737,70545.0,29,2632,0,334
738,17487.0,37,3074,0,18
739,62882.0,26,3295,0,1338
740,64108.0,8,3069,0,1099
741,34941.0,26,3086,0,97
742,48767.0,79,2785,0,63
743,38702.0,71,2938,0,109
744,82224.0,83,2761,1,902
746,17003.0,37,2808,0,38
747,71163.0,30,2718,0,960
748,33697.0,34,2893,1,28
751,51518.0,92,2875,0,449
752,58330.0,87,2792,0,1064
754,75507.0,56,2664,0,1440
755,63855.0,28,3111,0,1006
756,62220.0,55,3293,0,1226
757,58512.0,25,2889,0,1171
758,40662.0,0,3077,0,92
759,38829.0,86,2690,0,99
760,35523.0,8,2875,0,66
761,79146.0,33,2672,0,564
762,78285.0,13,2850,0,1427
763,31626.0,12,3021,1,86
765,48726.0,90,3034,0,242
767,67430.0,6,3268,0,1364
768,46891.0,91,2907,0,183
769,62058.0,52,3005,0,450
770,72063.0,3,2967,0,758
772,42720.0,9,3037,0,654
773,33622.0,22,3048,0,81
775,41452.0,86,3086,0,16
776,40760.0,64,2909,0,93
778,51124.0,79,2799,0,43
781,36283.0,42,2682,0,29
782,20587.0,39,2655,0,25
783,30467.0,8,2708,0,24
784,31590.0,40,2982,0,38
785,20425.0,5,3214,0,57
786,17144.0,96,2740,0,47
788,43783.0,22,2637,1,629
789,40780.0,30,3265,0,377
791,82017.0,58,3205,3,729
792,16813.0,49,2951,1,50
793,51267.0,37,2849,0,270
794,46524.0,70,3056,0,177
795,45183.0,33,3131,1,315
796,70421.0,98,2607,0,767
797,60161.0,17,3220,0,1071
798,73926.0,54,3090,0,1580
799,19329.0,39,2803,0,60
800,61872.0,81,2804,0,573
801,46984.0,71,3066,0,41
802,34838.0,62,3132,0,170
804,48192.0,76,3055,3,1526
805,49681.0,66,2843,0,458
806,56850.0,83,2704,0,63
807,55267.0,28,2857,0,405
808,59666.0,87,3070,1,1027
810,26872.0,0,2862,0,72
811,21359.0,1,3041,0,48
813,52750.0,72,3116,0,860
815,65968.0,12,2654,0,495
816,30772.0,89,2715,0,20
818,65685.0,54,2698,0,769
819,25804.0,34,2907,0,55
821,22063.0,43,2931,0,55
822,57091.0,0,2620,1,577
823,22419.0,74,3043,0,162
826,93404.0,97,3024,2,1616
827,37859.0,75,3139,0,36
828,80995.0,83,3020,0,1482
829,16529.0,23,2726,0,22
830,55412.0,65,2825,0,63
831,48789.0,94,3263,0,680
832,56575.0,42,3026,0,542
833,25130.0,10,2876,0,50
834,35441.0,94,3106,0,39
835,71391.0,50,3063,0,1043
836,49494.0,46,3036,0,385
838,45889.0,42,2968,0,46
839,56628.0,30,2706,1,761
840,34026.0,11,2934,0,76
841,40049.0,61,3183,0,290
842,34176.0,12,2654,0,89
843,19419.0,76,3202,0,70
844,82504.0,2,2943,0,1066
847,55284.0,60,3158,0,764
848,49980.0,79,2855,0,195
849,15072.0,96,3021,0,53
850,49166.0,17,2987,0,368
851,65324.0,0,2775,0,544
853,30843.0,43,2640,1,35
854,46374.0,1,2710,2,446
856,38576.0,2,2723,0,41
857,55357.0,66,3101,0,727
858,37758.0,49,3239,0,40
859,85710.0,5,3026,1,1062
860,23228.0,71,2760,0,40
861,44602.0,35,2740,0,292
862,7500.0,94,3142,0,15
863,38683.0,80,3239,0,341
864,49514.0,61,2800,0,369
865,57906.0,29,2989,0,401
866,43456.0,0,3066,0,393
867,19485.0,80,2884,0,10
868,53172.0,54,3025,0,486
869,30545.0,71,3226,0,69
870,70123.0,27,2880,2,1727
871,62450.0,61,2780,1,995
872,21675.0,55,2624,0,45
873,42395.0,35,2692,0,182
874,61346.0,34,2872,0,989
876,42835.0,64,2970,0,595
877,39922.0,30,3106,0,156
878,86424.0,12,2691,0,1226
879,17117.0,96,3134,0,128
880,24762.0,16,2745,1,86
881,35797.0,16,3227,0,68
882,36627.0,78,2947,0,16
883,51111.0,83,2616,0,55
885,82072.0,67,2968,0,2018
886,46231.0,87,3186,0,263
887,42243.0,34,2806,0,55
888,51195.0,46,3060,0,564
889,68092.0,7,2801,0,1281
890,31814.0,73,3111,1,83
891,51390.0,54,3265,0,353
893,26868.0,52,2666,0,14
896,64090.0,8,2932,0,797
898,37087.0,50,2928,0,401
899,21846.0,38,2856,0,84
900,81320.0,61,3114,0,928
901,54137.0,46,2923,0,203
902,66825.0,73,2956,0,858
903,57100.0,19,2813,0,409
904,58917.0,10,3068,0,282
907,45684.0,37,2815,0,28
908,47889.0,94,2782,0,67
909,45921.0,23,2717,0,199
912,52278.0,24,3126,0,1198
913,35641.0,11,2956,0,178
915,62820.0,51,3020,0,976
916,73113.0,86,2791,0,1001
918,42607.0,30,2830,0,350
919,74637.0,73,3013,1,1650
920,46015.0,25,2683,2,46
922,39858.0,67,3127,0,95
923,34469.0,58,2662,0,62
925,24401.0,98,3273,0,467
927,74116.0,53,2787,1,2052
929,68397.0,6,2830,0,1416
930,79632.0,42,2688,0,1113
931,46107.0,78,2745,0,125
932,64950.0,29,3292,1,966
933,25443.0,82,3160,0,32
935,32892.0,78,2641,0,46
936,71796.0,54,2854,0,960
937,67536.0,45,3009,1,1829
938,55239.0,59,2956,0,779
939,60554.0,8,2930,0,811
940,64831.0,51,2990,0,1120
941,56067.0,51,2950,0,725
942,82025.0,76,3003,1,1187
943,94384.0,62,3088,3,2302
944,14906.0,86,3160,0,66
945,51563.0,60,3242,2,1250
946,57937.0,56,2739,0,683
947,68274.0,83,2878,0,305
948,39771.0,92,2811,0,50
949,67893.0,31,3242,0,995
950,27922.0,80,2656,0,41
951,52190.0,39,2658,1,77
952,44051.0,20,3122,0,171
953,42767.0,53,3020,0,131
954,46106.0,84,2655,0,54
955,16927.0,50,3110,0,53
957,53700.0,94,3287,0,694
958,59041.0,25,2659,0,96
959,54237.0,48,3034,0,361
960,70647.0,65,3252,0,1079
961,52597.0,69,2659,0,578
962,41021.0,12,3152,0,64
963,40233.0,84,2864,0,149
964,50183.0,47,2610,0,231
965,54753.0,87,2896,0,728
967,33471.0,47,3231,0,93
968,34596.0,48,3048,0,23
969,44010.0,46,3230,0,662
971,40706.0,37,3134,0,81
972,15716.0,8,3200,0,92
973,59052.0,29,2830,0,491
974,80573.0,85,3229,0,1564
975,83715.0,2,2752,0,926
976,82576.0,66,3303,1,1910
977,56962.0,60,2867,0,411
978,35704.0,54,2783,0,94
980,46779.0,55,2958,0,23
982,33462.0,78,2932,0,54
983,63693.0,63,2864,0,1150
985,65352.0,43,2918,0,405
986,82170.0,13,2822,0,1908
988,79689.0,65,3019,0,1315
989,35340.0,1,2606,0,45
990,85683.0,6,2706,4,1789
991,24884.0,32,3183,0,19
992,42021.0,34,3273,1,573
993,64449.0,70,2737,0,805
994,64587.0,49,2613,0,108
995,34824.0,65,2701,0,23
996,75437.0,25,2838,1,1493
997,26091.0,84,2730,0,89
998,52845.0,7,2926,1,936
999,46086.0,34,2844,0,343
1000,78028.0,38,3263,2,528
1001,95169.0,1,2869,2,1901
1002,56337.0,25,3065,2,724
1003,22434.0,25,3107,0,58
1004,36930.0,50,3014,0,297
1005,36130.0,46,3118,1,488
1006,65569.0,96,3207,0,859
1008,19514.0,47,2760,1,69
1009,36736.0,52,3021,0,17
1011,49187.0,63,2775,0,116
1012,30168.0,51,3085,0,279
1013,34053.0,14,3263,0,103
1014,38196.0,20,2678,0,44
1015,59412.0,56,2677,0,406
1017,54165.0,72,3003,0,236
1018,32300.0,1,3148,0,39
1019,20180.0,27,3100,0,137
1020,34961.0,77,2616,0,79
1021,28440.0,87,2963,0,63
1022,64504.0,81,3088,0,1314
1023,33564.0,51,2611,0,71
1024,17345.0,79,3209,0,58
1025,56320.0,11,3053,0,702
1026,28647.0,54,2918,1,94
1027,15038.0,93,3122,0,80
1028,32173.0,0,2938,0,22
1029,68316.0,54,3208,0,1211
1030,74538.0,21,2971,1,1461
1032,68695.0,3,2610,0,1091
1033,31056.0,99,3129,0,55
1034,79593.0,70,2654,1,1366
1035,28071.0,65,3275,0,313
1036,37334.0,44,2729,0,62
1037,46423.0,6,2890,0,92
1038,37126.0,9,2697,1,72
1039,47703.0,95,3002,0,655
1041,38998.0,92,3209,0,54
1044,34728.0,2,2940,0,36
1045,33168.0,0,3230,0,122
1046,33585.0,91,2883,0,122
1047,77037.0,3,2865,0,1123
1049,44529.0,98,2965,1,691
1051,28764.0,16,2630,1,12
1052,69098.0,82,3104,0,2440
1053,25959.0,1,3106,0,56
1054,27100.0,64,3056,0,37
1055,70596.0,68,3238,0,968
1056,42557.0,98,3275,0,270
1057,53312.0,32,2930,0,278
1058,72228.0,87,3185,0,1250
1059,67605.0,84,3061,0,938
1062,42000.0,23,3141,0,653
1063,35860.0,37,2647,1,49
1064,65526.0,22,2685,0,506
1065,16860.0,19,3261,0,38
1067,64176.0,52,3301,0,1826
1068,22304.0,91,3300,0,18
1069,67023.0,93,2723,0,906
1070,32892.0,78,2641,0,46
1072,59925.0,83,3182,0,766
1073,39722.0,92,2731,0,47
1074,46610.0,4,2952,0,467
1076,87171.0,27,3030,2,1298
1077,26907.0,10,2919,0,22
1078,50014.0,9,2764,0,396
1079,41014.0,65,3039,0,20
1080,66294.0,68,2710,0,967
1081,36715.0,16,3195,0,357
1082,79456.0,12,3282,0,1401
1083,40479.0,95,2922,0,15
1085,54233.0,46,3116,0,981
1086,24163.0,3,2866,0,17
1087,84460.0,80,3147,4,523
1088,43776.0,77,2663,0,23
1091,39190.0,91,2670,0,133
1092,71367.0,24,2916,0,777
1093,38578.0,2,2978,0,73
1094,57236.0,22,2715,0,121
1095,61825.0,56,2932,0,424
1096,79803.0,54,2633,0,868
1097,80910.0,71,3212,0,756
1098,27590.0,38,3038,0,12
1099,56775.0,62,3149,0,937
1101,54210.0,18,3011,0,367
1102,38508.0,95,2937,0,443
1103,53187.0,66,2852,0,267
1104,30023.0,28,2703,0,61
1105,76045.0,78,2832,1,1323
1106,50870.0,13,2616,0,63
1107,15315.0,27,2936,0,64
1108,65463.0,17,2756,1,562
1109,66480.0,71,2635,0,312
1110,76773.0,79,3095,0,1156
1112,54466.0,78,2746,0,16
1113,98777.0,23,2738,1,2008
1114,16269.0,75,2909,0,44
1115,71819.0,70,2911,2,1574
1116,33569.0,10,2862,1,63
1117,36262.0,24,2888,1,426
1118,22634.0,47,3135,0,96
1119,47025.0,98,2896,0,635
1120,70566.0,4,2872,0,757
1121,31605.0,15,3190,0,125
1122,52034.0,67,3014,0,332
1123,48526.0,32,2793,0,135
1124,46734.0,40,3194,0,330
1125,39552.0,54,3164,0,384
1126,86358.0,78,3296,0,1722
1127,46931.0,94,2672,0,78
1128,16581.0,51,3139,0,24
1130,67381.0,67,3136,1,957
1131,25930.0,87,2868,0,15
1132,42693.0,29,2628,0,57
1134,72903.0,74,2849,3,2013
1135,49669.0,97,2642,0,326
1136,36778.0,63,3299,0,77
1137,85696.0,88,3028,0,1313
1138,10979.0,34,2644,0,30
1139,49678.0,81,3118,0,315
1140,56129.0,65,2980,0,660
1141,37155.0,51,3120,0,74
1142,21282.0,76,2655,0,46
1143,33419.0,76,2922,0,86
1144,63285.0,84,2842,0,1103
1145,21255.0,56,2765,0,61
1146,42162.0,31,2828,1,145
1148,57744.0,91,2835,0,411
1149,26576.0,40,3230,1,27
1150,57513.0,59,2964,0,1060
1151,68142.0,96,3275,0,1459
1152,7500.0,61,3275,0,18
1154,54197.0,16,2693,0,237
1155,23091.0,98,2638,0,48
1158,79410.0,19,2637,0,1370
1159,57304.0,61,3081,0,1026
1160,44375.0,73,2704,0,301
1162,59594.0,74,3223,1,499
1163,80685.0,55,3282,0,1004
1164,40344.0,48,2865,0,218
1165,62710.0,53,3008,0,606
1166,48985.0,13,2965,0,75
1167,35322.0,34,3282,0,106
1169,81657.0,69,2764,0,1097
1170,14421.0,81,2738,1,16
1171,20130.0,99,2710,0,34
1172,74214.0,3,3278,0,1711
1173,66726.0,61,2774,1,438
1174,23724.0,65,3143,0,75
1175,47353.0,93,2834,0,225
1176,33444.0,24,3209,0,18
1177,54386.0,8,3014,0,470
1178,28510.0,72,3048,0,91
1180,48070.0,33,3138,0,504
1181,43140.0,68,3146,0,235
1182,54959.0,55,3132,1,1232
1183,15056.0,76,3028,0,88
1184,26954.0,17,2658,0,17
1185,22327.0,94,2937,0,24
1186,44393.0,86,2917,0,60
1187,62000.0,25,2914,1,1020
1188,31497.0,22,3176,0,155
1189,45894.0,15,2728,0,51
1191,67369.0,81,3195,2,1461
1192,58401.0,55,2676,0,96
1193,62307.0,94,2738,0,160
1194,43641.0,50,3039,0,139
1195,63841.0,64,3040,0,908
1196,46891.0,91,2907,0,183
1197,70091.0,11,3061,1,1161
1198,78075.0,72,2691,0,988
1200,54809.0,0,2897,0,174
1201,58113.0,66,3126,0,758
1202,51412.0,42,2786,0,195
1203,15287.0,60,3233,1,31
1204,66636.0,64,2922,0,1084
1205,50965.0,87,3100,1,685
1207,18351.0,1,2849,0,43
1208,40451.0,54,2739,1,49
1209,36317.0,53,3009,0,133
1210,42213.0,96,2866,1,363
1211,65748.0,58,3046,0,545
1214,56721.0,64,3212,0,296
1215,42160.0,26,2972,0,140
1216,61559.0,8,2953,0,530
1217,33629.0,49,3296,0,152
1218,68682.0,56,2872,0,1598
1219,34377.0,55,3132,0,114
1220,8940.0,25,3282,0,101
1221,26228.0,50,2886,0,25
1222,77297.0,84,3125,1,789
1223,40211.0,30,2940,1,87
1224,33438.0,81,2886,0,90
1225,75032.0,74,3033,0,1215
1226,61284.0,76,2866,1,811
1227,22518.0,36,3221,1,61
1228,54730.0,64,2924,0,405
1229,38452.0,62,2697,0,72
1230,44421.0,53,3105,0,189
1231,38197.0,86,2971,0,40
1232,41986.0,15,2746,0,63
1233,28427.0,67,3071,0,52
1234,37395.0,47,2664,0,39
1236,55249.0,81,2679,0,130
1237,84906.0,98,2874,3,1631
1238,28691.0,56,2966,0,34
1239,44213.0,48,2818,0,152
1240,25707.0,18,2768,0,21
1241,59062.0,74,2875,0,71
1243,66000.0,36,2676,0,711
1244,27683.0,90,3300,0,351
1246,7500.0,63,3179,0,119
1247,40521.0,82,3056,0,21
1248,20427.0,63,2703,0,10
1249,65106.0,55,2642,1,973
1250,69969.0,64,2912,2,1536
1251,67433.0,51,2954,1,992
1254,68118.0,51,2860,0,928
1255,55158.0,72,3305,0,418
1257,74190.0,49,2654,0,641
1258,39356.0,21,2708,1,23
1260,35860.0,37,2647,1,49
1261,90687.0,98,3009,1,1779
1262,73450.0,85,2812,2,1804
1263,31454.0,40,2964,0,48
1264,47139.0,2,2721,0,83
1267,19656.0,94,3112,0,84
1268,45579.0,10,2919,0,183
1269,85485.0,73,2614,0,1383
1270,55956.0,22,2689,1,999
1271,64191.0,30,3129,0,825
1272,38808.0,21,3278,1,246
1273,57183.0,51,3073,0,610
1274,23748.0,97,3191,0,76
1275,66303.0,56,3094,1,1286
1276,37368.0,4,2801,1,30
1277,40800.0,77,3150,0,99
1279,46149.0,36,2818,0,362
1281,49118.0,90,3286,2,1229
1282,37633.0,49,3253,0,38
1283,39767.0,18,2949,0,485
1284,26997.0,89,3207,0,434
1285,33986.0,43,3078,0,44
1286,57091.0,82,3189,1,496
1287,46831.0,84,2992,0,78
1289,52531.0,68,3152,0,794
1290,15759.0,12,2903,0,17
1291,22804.0,75,2939,0,26
1292,43050.0,10,2709,0,76
1293,42997.0,91,2810,0,15
1294,48918.0,21,2684,0,62
1295,60033.0,28,2698,0,198
1296,34043.0,97,2853,0,49
1297,57811.0,49,2976,1,802
1299,7500.0,5,3155,0,57
1301,94384.0,62,3088,3,2302
1302,23148.0,83,2737,0,37
1303,44267.0,48,3095,0,310
1305,60894.0,61,2972,0,832
1306,50200.0,70,3058,0,401
1307,81051.0,43,2643,2,1501
1308,65169.0,23,2772,4,1189
1309,59868.0,37,2948,0,1194
1310,65695.0,50,2755,0,656
1312,45143.0,74,2913,0,311
1314,59060.0,77,2775,0,274
1315,27238.0,39,3041,0,57
1316,47009.0,89,2877,0,448
1317,46094.0,62,2625,0,44
1318,40321.0,59,2941,0,102
1319,37235.0,68,2754,0,61
1320,81843.0,13,3039,0,1643
1321,46692.0,37,2994,0,397
1322,77382.0,36,2779,1,1121
1323,37774.0,28,3270,1,473
1324,18393.0,2,2698,0,50
1326,24711.0,86,2678,0,58
1327,45503.0,54,2883,0,170
1329,71604.0,3,2830,1,1196
1330,27244.0,84,2720,0,101
1331,48752.0,8,3170,0,316
1332,71434.0,4,2890,2,1400
1334,88097.0,24,3286,3,844
1335,51948.0,51,2891,0,311
1336,71853.0,29,3023,0,1149
1337,35876.0,13,2676,0,129
1338,40049.0,23,2862,0,32
1339,39660.0,36,3296,0,299
1340,50127.0,88,2637,1,320
1341,43263.0,2,3191,0,441
1343,18929.0,15,3104,0,85
1344,24367.0,58,3072,0,24
1345,33249.0,11,3100,0,112
1346,26887.0,27,3110,0,30
1347,50150.0,32,2980,0,410
1348,62061.0,12,2908,1,800
1349,85696.0,88,3028,0,1313
1350,76542.0,91,3062,0,1483
1351,70515.0,12,2857,0,1258
1352,18227.0,21,3204,0,28
1353,69139.0,23,2759,0,227
1354,69109.0,10,3203,1,1555
1356,38136.0,69,3039,1,103
1357,62159.0,68,2668,0,634
1359,33316.0,34,2874,0,131
1360,58554.0,55,3247,0,586
1361,17256.0,10,2824,1,62
1362,53034.0,30,3001,0,447
1363,52203.0,36,3304,0,939
1364,59601.0,14,2945,1,797
1366,47025.0,52,2840,0,415
1367,37971.0,97,2822,0,30
1368,41335.0,24,2791,0,187
1369,67267.0,0,2653,0,251
1370,57338.0,96,2667,0,237
1371,50523.0,89,2792,0,91
1372,35791.0,94,3025,0,35
1373,50611.0,98,3239,1,493
1374,56242.0,72,3089,0,971
1375,48904.0,1,3180,0,371
1376,56243.0,26,2787,0,396
1377,21355.0,5,2919,1,68
1378,57420.0,22,2975,1,322
1380,46390.0,56,2661,0,222
1381,54342.0,74,2967,0,177
1384,20895.0,24,3237,0,45
1387,26907.0,10,2919,0,22
1388,44964.0,35,3166,0,41
1389,75507.0,56,2664,0,1440
1390,53761.0,7,2867,0,325
1391,22682.0,51,2875,0,95
1392,38887.0,17,2725,0,42
1393,41658.0,30,3203,0,72
1394,29791.0,21,2651,0,20
1395,63915.0,2,2940,0,789
1396,39996.0,85,2644,0,15
1397,26759.0,65,2748,0,59
1398,63841.0,64,3040,0,908
1399,51039.0,11,3172,0,417
1400,60544.0,92,3279,0,289
1401,65685.0,54,2698,0,769
1402,37716.0,4,2675,0,188
1403,36864.0,53,3291,0,354
1404,44511.0,39,3231,0,727
1405,36947.0,49,3297,0,146
1406,47352.0,70,3050,0,319
1407,67087.0,40,2800,0,794
1408,57045.0,40,3265,0,454
1409,36957.0,43,3267,0,152
1410,69389.0,17,3245,0,797
1411,80134.0,40,3011,3,1690
1412,43142.0,84,2737,0,20
1414,34412.0,62,3107,0,209
1415,57537.0,83,2990,0,545
1416,22634.0,47,3135,0,96
1417,51315.0,45,2732,0,222
1418,36026.0,34,2711,0,61
1419,24639.0,3,2758,0,44
1420,34578.0,1,2685,0,8
1422,63810.0,45,3201,1,1371
1423,54132.0,81,2739,0,42
1424,18690.0,77,3154,0,60
1425,28164.0,23,3027,0,78
1426,34596.0,48,3048,0,23
1427,43269.0,61,2892,0,19
1428,38741.0,60,2697,0,61
1429,31907.0,75,3088,0,449
1430,27100.0,64,3056,0,37
1431,31163.0,54,2742,0,38
1433,34853.0,75,2794,0,34
1434,70844.0,16,2848,0,294
1435,31086.0,79,3027,1,48
1436,60544.0,92,3279,0,289
1437,20491.0,16,3126,0,30
1438,42523.0,96,2673,0,125
1439,39922.0,30,3106,0,156
1440,33402.0,60,2952,0,70
1441,36408.0,11,2887,0,22
1442,21645.0,75,3270,0,65
1443,78427.0,36,3219,1,1930
1445,51876.0,88,2863,0,310
1447,52852.0,93,3181,1,879
1448,70038.0,54,2853,0,1244
1449,69401.0,41,2704,0,690
1450,46053.0,46,3103,0,209
1453,40304.0,82,2878,0,57
1454,32727.0,38,3276,0,529
1455,68695.0,3,2610,0,1091
1456,43300.0,87,3230,0,180
1457,26290.0,49,3139,0,77
1458,93790.0,16,2743,3,2349
1459,38410.0,65,3259,0,534
1460,64866.0,9,2760,1,556
1461,57957.0,24,2920,0,637
1462,46015.0,25,2683,2,46
1463,16531.0,43,2617,0,44
1464,28072.0,10,2962,0,47
1466,50725.0,45,3107,0,586
1468,41145.0,20,2747,0,13
1469,67419.0,29,3135,0,1471
1470,23162.0,82,2796,0,65
1471,34380.0,68,3029,0,175
1472,34704.0,65,3034,0,40
1474,65148.0,9,3196,0,1115
1475,39898.0,20,3108,0,134
1477,59892.0,26,2845,0,87
1478,41020.0,68,2850,0,217
1479,57072.0,79,2762,1,1034
1481,62807.0,83,3273,0,819
1482,19414.0,32,2862,0,32
1483,19107.0,49,2917,0,46
1485,70379.0,84,3089,0,860
1486,79419.0,96,2613,0,1631
1487,64014.0,56,2625,1,444
1489,49854.0,63,2837,0,380
1491,42873.0,11,3130,0,269
1493,57867.0,48,2877,0,612
1494,35765.0,86,2806,0,75
1496,32952.0,36,2816,0,55
1497,53374.0,34,3288,1,1064
1498,71706.0,16,3199,0,1443
1499,68487.0,48,3138,0,1366
1500,53253.0,61,3109,0,436
1501,31163.0,54,2742,0,38
1502,42014.0,56,3287,0,436
1505,63206.0,65,2707,1,928
1509,53977.0,21,2992,0,907
1511,46098.0,86,3286,0,120
1514,20981.0,14,3031,0,73
1515,51766.0,74,2716,0,275
1516,55759.0,84,3184,0,854
1517,33039.0,4,2899,0,78
1518,37787.0,50,2888,0,106
1519,27242.0,2,3201,0,106
1520,87188.0,73,2997,0,1923
1522,37697.0,82,2748,0,84
1523,37401.0,14,2660,0,48
1527,28087.0,77,3171,0,112
1529,19740.0,65,3068,0,55
1530,57036.0,33,3171,1,1513
1531,53083.0,65,3016,1,271
1532,69283.0,41,2621,0,904
1533,46098.0,86,3286,0,120
1534,23331.0,92,3269,0,103
1535,23331.0,97,3238,0,269
1536,9255.0,91,2797,0,22
1537,67786.0,0,2810,0,1156
1538,71969.0,59,3227,1,1086
1539,59235.0,4,3139,0,1128
1540,31928.0,5,2699,0,72
1541,74881.0,48,3084,0,964
1543,51411.0,81,3005,0,18
1544,51983.0,95,3273,0,793
1545,42386.0,43,3138,0,100
1546,30390.0,5,2906,0,80
1547,30983.0,50,3203,0,167
1548,66033.0,76,3131,0,677
1549,37284.0,46,3063,0,23
1550,57530.0,68,2866,0,92
1551,76800.0,33,2719,0,641
1554,67445.0,63,3292,0,1174
1555,37054.0,89,2893,0,25
1556,47175.0,81,3215,1,240
1557,31859.0,77,2986,0,20
1558,27215.0,50,3128,0,102
1559,70179.0,10,2949,0,1034
1560,39922.0,30,3106,0,156
1561,49681.0,66,2843,0,458
1562,24645.0,16,3211,0,17
1564,44322.0,30,2619,0,92
1565,47958.0,8,3132,0,407
1566,63972.0,93,3180,1,1269
1567,75315.0,14,2681,0,841
1568,55517.0,53,3246,0,633
1570,82800.0,23,3188,2,1315
1571,38998.0,92,3209,0,54
1573,27161.0,41,2850,0,52
1574,42014.0,56,3287,0,436
1575,38201.0,19,3063,0,268
1576,45203.0,4,2704,0,147
1577,81574.0,89,2668,2,1798
1578,34935.0,71,2979,0,137
1579,60482.0,81,3128,0,507
1580,34633.0,31,2763,0,15
1581,78093.0,53,2806,0,1105
1582,82460.0,78,2815,0,974
1583,45903.0,80,2673,0,66
1585,35860.0,37,2647,1,49
1586,40442.0,52,3285,0,169
1587,61482.0,39,2608,0,299
1588,34968.0,11,3051,0,221
1590,31497.0,22,3176,0,155
1592,13724.0,43,3273,1,58
1593,45143.0,74,2913,0,311
1594,52569.0,54,2691,0,95
1595,48432.0,3,3225,0,424
1596,17144.0,96,2740,0,47
1597,36108.0,68,2863,1,339
1598,76445.0,2,3245,0,1410
1599,36663.0,40,2671,0,35
1600,53843.0,64,2973,0,562
1602,70638.0,69,2999,1,1334
1603,44512.0,57,2909,0,32
1604,27116.0,78,2725,0,41
1605,54072.0,71,2943,0,39
1606,71855.0,59,3135,0,1141
1607,51250.0,28,3062,1,710
1608,60432.0,61,2718,0,401
1609,65526.0,22,2685,0,506
1611,12393.0,38,3178,0,57
1613,33955.0,92,2930,0,270
1614,31353.0,24,2788,0,31
1615,55434.0,21,2873,0,882
1616,28359.0,35,2851,0,16
1617,57100.0,9,2648,0,311
1618,69139.0,23,2759,0,227
1620,51717.0,55,2919,1,122
1621,18793.0,14,3139,0,77
1624,54414.0,49,3128,0,211
1625,54549.0,8,2724,0,233
1626,47111.0,35,3265,0,1092
1627,41003.0,11,3075,0,601
1628,19444.0,8,2733,0,54
1629,36301.0,53,2853,0,78
1630,73059.0,36,2908,0,1095
1631,42731.0,64,2857,0,244
1632,52854.0,43,2703,0,116
1633,22775.0,40,2981,0,15
1634,46681.0,52,2870,0,425
1635,59821.0,11,3049,0,734
1636,50002.0,21,2983,0,638
1637,69755.0,23,2876,0,894
1638,44078.0,17,2616,0,41
1639,30560.0,6,2973,0,31
1640,35924.0,56,2704,0,34
1642,56386.0,51,3216,0,612
1643,24594.0,94,2807,0,29
1645,39228.0,1,3021,0,20
1646,58494.0,56,2805,0,396
1647,58684.0,71,2619,1,813
1648,57136.0,18,3013,0,1179
1649,56551.0,48,2659,0,138
1650,22448.0,86,2729,0,55
1652,34213.0,2,3266,0,117
1654,25358.0,57,2948,0,32
1655,35544.0,77,2719,0,67
1656,36634.0,0,3003,0,335
1657,62670.0,57,2753,0,825
1658,50334.0,24,2946,0,694
1659,72066.0,55,2612,2,1792
1661,34916.0,89,3016,0,231
1662,64892.0,77,2637,0,902
1663,43602.0,45,2776,0,68
1664,33996.0,46,2897,0,71
1665,41473.0,80,2981,0,76
1666,63246.0,60,2919,0,772
1667,36732.0,71,2788,0,47
1668,69084.0,43,2828,0,1586
1670,37929.0,49,2940,2,265
1672,80141.0,20,3140,1,2091
1673,72635.0,54,2997,1,981
1674,69016.0,61,3190,0,1533
1675,20193.0,18,3184,0,82
1676,27573.0,45,3067,0,244
1677,15862.0,26,2973,0,36
1678,49544.0,0,3108,0,404
1679,33228.0,28,2763,0,71
1681,38232.0,84,2769,0,122
1682,22554.0,38,3209,0,41
1683,23536.0,53,2631,0,10
1684,49413.0,88,2853,0,304
1685,42231.0,99,2702,0,37
1687,56534.0,35,2947,2,815
1688,58350.0,5,3147,0,1001
1689,81217.0,77,2951,0,1157
1690,49090.0,45,2951,0,688
1691,61787.0,71,2964,0,1319
1692,18169.0,40,3101,0,21
1693,24336.0,82,3277,0,31
1694,18222.0,70,3151,0,67
1695,62335.0,87,3008,0,708
1696,42033.0,95,3254,0,25
1697,86580.0,72,3093,1,746
1698,41437.0,5,3251,0,32
1700,61064.0,80,3273,0,1080
1701,38452.0,62,2697,0,72
1702,18358.0,49,2827,0,57
1703,55012.0,85,2706,0,660
1704,9722.0,7,3241,0,103
1705,38175.0,6,2885,0,153
1706,58656.0,25,3253,1,1220
1707,52117.0,55,3288,0,279
1708,64813.0,81,2784,0,745
1709,54222.0,98,2726,0,264
1711,77520.0,30,2911,3,1526
1712,41154.0,98,3052,0,69
1714,18746.0,41,2637,0,64
1716,60230.0,78,3011,0,1067
1717,22108.0,46,2658,0,31
1718,44392.0,71,2903,0,211
1719,55424.0,6,3187,1,877
1720,17688.0,82,3138,0,11
1723,82571.0,28,2694,1,1686
1724,38513.0,20,2758,0,324
1725,16653.0,10,2678,0,69
1726,42586.0,7,3214,0,252
1727,23529.0,67,3144,0,54
1728,74881.0,48,3084,0,964
1730,46910.0,36,2704,0,68
1731,18690.0,77,3154,0,60
1732,37244.0,90,3034,1,55
1734,75342.0,38,3025,0,563
1736,79146.0,33,2672,0,564
1737,77437.0,70,2821,1,1125
1738,54984.0,51,2642,1,358
1739,42403.0,18,2806,0,42
1740,55761.0,97,2672,1,184
1741,37292.0,32,3043,0,460
1742,45576.0,9,2638,0,145
1744,58086.0,80,3131,0,792
1746,28389.0,49,3192,0,28
1747,66835.0,21,2880,0,1033
1748,69901.0,95,3002,0,882
1750,63342.0,48,3227,1,1101
1751,44989.0,26,3261,0,369
1752,31859.0,3,2728,0,48
1753,51569.0,39,3108,1,467
1754,30372.0,33,3157,0,44
1755,16014.0,42,3075,0,38
1756,41120.0,80,2841,0,81
1757,39763.0,9,2935,0,167
1758,38725.0,52,2656,0,45
1759,77981.0,78,3005,0,664
1760,62905.0,68,2898,0,622
1761,13533.0,45,3082,0,48
1762,59481.0,47,2855,0,461
1763,72117.0,34,2919,0,1073
1764,21955.0,81,2901,0,55
1765,67131.0,72,3066,0,976
1766,36802.0,23,2619,0,20
1767,71853.0,29,3023,0,1149
1768,28249.0,80,2620,0,43
1769,47808.0,30,2858,1,224
1770,25509.0,15,3255,0,101
1771,51012.0,86,3043,0,209
1772,70596.0,68,3238,0,968
1773,85431.0,54,2992,0,1165
1774,42664.0,44,2709,0,24
1775,42586.0,7,3214,0,252
1776,29760.0,87,3275,0,165
1777,28973.0,59,3230,0,269
1778,39435.0,16,2933,0,102
1779,65370.0,1,2938,0,461
1780,20194.0,64,3165,0,47
1781,42473.0,72,2738,0,144
1782,64590.0,98,3229,0,1338
1783,71232.0,91,2819,0,917
1784,34600.0,8,3150,0,318
1785,46904.0,20,3209,0,253
1786,49094.0,6,3252,0,502
1787,36075.0,54,2808,0,119
1789,77298.0,46,2845,0,969
1790,34026.0,11,2934,0,76
1791,48918.0,21,2684,0,62
1792,82122.0,89,2924,1,1382
1793,37697.0,82,2748,0,84
1794,34074.0,69,2957,1,255
1795,28520.0,55,2986,0,43
1796,62535.0,13,2875,0,398
1797,36273.0,80,2680,0,76
1798,63404.0,97,2629,1,902
1801,75702.0,87,3229,1,1921
1802,59385.0,85,3033,0,185
1804,44689.0,82,2776,1,34
1805,53977.0,21,2992,0,907
1807,18701.0,95,2996,0,44
1809,63159.0,74,3207,1,1797
1810,37758.0,49,3239,0,40
1811,46757.0,71,3196,0,1143
1812,79734.0,72,2607,1,914
1815,21840.0,80,2949,0,27
1816,58582.0,15,2880,1,763
1818,50387.0,91,2908,0,525
1819,32583.0,10,2620,0,9
1820,62568.0,99,2689,1,953
1821,44635.0,25,2867,0,68
1822,33316.0,34,2874,0,131
1823,63967.0,57,2930,0,882
1825,25293.0,51,2893,0,37
1826,54111.0,97,2914,0,388
1829,22669.0,30,3009,0,173
1830,29236.0,30,2870,0,99
1831,44911.0,11,3077,0,215
1832,54693.0,72,3103,0,929
1833,48186.0,39,2707,0,219
1834,54809.0,0,2897,0,174
1835,41580.0,15,3172,0,92
1837,47743.0,56,3070,1,275
1840,32313.0,60,3109,0,159
1842,27071.0,90,2673,0,35
1843,68148.0,86,2908,0,1042
1844,65735.0,37,2810,0,395
1847,30093.0,19,2962,0,69
1848,57705.0,14,2775,0,486
1849,25008.0,72,2753,0,34
1851,22280.0,85,3012,0,13
1854,82733.0,28,2898,0,1323
1855,74290.0,70,2927,2,1217
1856,58217.0,84,3195,0,103
1857,21024.0,89,2966,0,84
1858,70116.0,73,3125,0,1536
1859,54006.0,42,3255,0,581
1860,69063.0,16,3205,0,928
1861,11448.0,16,2802,0,14
1862,61825.0,56,2932,0,424
1863,70886.0,65,2864,0,960
1864,69109.0,10,3203,1,1555
1866,32889.0,78,2902,0,55
1867,34738.0,51,2655,0,20
1868,30538.0,27,3242,0,367
1870,26642.0,71,2726,0,42
1872,44503.0,83,2680,0,48
1873,60200.0,3,3149,0,685
1874,49638.0,71,2677,0,39
1875,23830.0,3,2748,0,43
1878,69702.0,8,3101,0,1039
1879,70300.0,89,2955,0,1596
1881,30396.0,22,2666,1,34
1882,50616.0,56,2678,0,149
1883,62772.0,74,3012,1,946
1884,30298.0,48,2647,0,28
1885,52413.0,67,3209,0,450
1886,44155.0,24,2767,0,46
1889,42081.0,86,3094,1,382
1892,31158.0,62,3124,0,72
1893,61671.0,23,2632,2,732
1894,69719.0,99,2640,0,801
1895,49160.0,29,2858,0,236
1896,24882.0,52,3264,1,80
1897,90933.0,90,2696,1,1685
1899,59292.0,71,2987,0,507
1900,45759.0,13,3097,0,68
1901,22148.0,16,2683,0,49
1902,73395.0,94,2709,0,397
1903,29819.0,77,2854,0,39
1904,45688.0,20,2761,1,306
1905,62820.0,51,3020,0,976
1907,33235.0,71,2750,0,70
1908,35701.0,36,3073,0,46
1909,31535.0,95,2882,1,51
1911,67384.0,32,3202,1,1490
1912,80573.0,85,3229,0,1564
1913,77870.0,93,3282,2,1815
1914,52278.0,24,3126,0,1198
1915,57107.0,44,3280,2,416
1916,18929.0,15,3104,0,85
1917,36038.0,82,3000,0,47
1918,20180.0,27,3100,0,137
1919,34230.0,72,3156,0,21
1920,31878.0,7,2613,0,70
1923,77598.0,53,2877,1,1735
1924,80982.0,48,3143,0,1191
1925,22701.0,2,2903,0,24
1926,55212.0,65,3189,2,1182
1927,70617.0,45,2977,0,1280
1928,64849.0,42,3199,0,1336
1929,62694.0,29,2983,0,749
1930,61917.0,83,2827,0,91
1931,67472.0,93,2880,0,414
1932,21059.0,40,2779,0,44
1933,29543.0,47,2695,0,63
1934,75903.0,50,3053,0,901
1935,34984.0,40,3267,0,38
1936,54998.0,3,3082,0,455
1937,54356.0,62,3193,0,775
1938,34242.0,25,2704,0,15
1939,25410.0,48,2908,0,38
1941,28320.0,68,3137,0,43
1942,23763.0,64,3297,0,42
1944,34529.0,94,3259,0,162
1945,70792.0,82,3114,0,1272
1947,83891.0,24,2615,0,816
1948,36065.0,54,3061,0,74
1949,39898.0,20,3108,0,134
1950,51141.0,96,2962,0,157
1951,56939.0,19,2890,0,561
1952,80872.0,60,2654,0,1336
1953,72335.0,2,3291,0,2092
1954,61798.0,13,2824,0,463
1955,76842.0,37,2663,0,1130
1956,29478.0,59,2769,0,20
1957,46998.0,55,3221,1,377
1959,56551.0,48,2659,0,138
1962,44359.0,19,2618,0,45
1963,40887.0,32,3025,0,161
1964,48877.0,27,2781,0,144
1966,64474.0,59,2856,0,823
1967,77226.0,29,2727,0,1138
1969,85738.0,41,2763,2,1371
1970,55686.0,27,3106,1,982
1971,39062.0,28,2702,1,44
1972,34600.0,8,3150,0,318
1973,40794.0,18,3054,0,434
1974,54690.0,76,2840,0,198
1977,38236.0,2,2888,0,88
1978,36781.0,16,2686,0,63
1979,31385.0,56,3177,1,27
1980,24570.0,97,3093,0,193
1981,25509.0,15,3255,0,101
1983,58646.0,3,2990,0,140
1984,53201.0,49,3108,0,415
1985,21994.0,4,3158,0,22
1986,57113.0,45,3114,0,263
1987,51373.0,37,2978,0,393
1988,23477.0,39,2857,0,147
1989,58116.0,38,2683,0,443
1990,72968.0,8,2801,1,1958
1991,39791.0,89,3064,0,174
1992,91712.0,47,2861,1,2217
1993,94472.0,75,2693,2,1691
1994,13672.0,86,3044,0,25
1995,96547.0,4,2643,3,809
1996,79205.0,73,3275,1,895
1997,56559.0,46,3157,0,484
1998,32644.0,38,3135,1,413
1999,67506.0,73,2784,0,331
2000,24206.0,66,3084,0,25
2001,28420.0,36,2793,0,13
2002,22979.0,29,3267,0,115
2003,33279.0,29,2623,0,16
2004,46423.0,6,2890,0,92
2005,30368.0,97,2840,0,52
2007,41638.0,68,3107,1,441
2008,68805.0,73,2891,0,283
2009,65814.0,90,2725,0,747
2011,39146.0,1,3106,0,165
2014,68281.0,31,3297,0,1655
2015,37284.0,46,3063,0,23
2016,36790.0,14,3091,0,66
2017,27943.0,89,3046,0,37
2018,22263.0,31,2697,0,21
2019,30261.0,75,3248,0,22
2020,28587.0,42,2743,0,78
2021,43815.0,53,3056,0,79
2022,48195.0,53,2765,0,265
2023,77027.0,23,2750,0,1175
2025,32765.0,49,2732,0,46
2026,29672.0,6,3080,0,25
2027,23272.0,29,2861,0,46
2028,49912.0,5,3266,1,874
2029,7500.0,98,3303,0,100
2030,68117.0,80,3082,1,930
2031,67225.0,4,2821,0,868
2032,17649.0,70,2835,0,45
2034,40059.0,82,2880,1,414
2035,60905.0,27,2812,0,392
2036,75330.0,94,3239,0,1109
2037,60689.0,23,2999,0,639
2038,38680.0,97,3064,0,79
2040,49767.0,92,3029,0,692
2042,29009.0,19,2818,0,44
2043,45057.0,80,2816,0,50
2044,37150.0,80,3262,0,467
2045,43020.0,79,2817,0,223
2046,53154.0,50,2626,0,158
2047,65308.0,60,2897,2,1211
2049,81044.0,0,2790,0,1208
2050,32871.0,28,3083,0,43
2051,55801.0,35,2886,1,527
2052,76320.0,49,2613,0,932
2053,36927.0,46,2633,0,71
2054,48794.0,97,2609,0,54
2055,23478.0,51,3073,0,129
2057,70179.0,10,2949,0,1034
2060,38361.0,74,2790,0,137
2062,70038.0,54,2853,0,1244
2063,42554.0,93,3139,0,41
2064,67445.0,63,3292,0,1174
2066,42192.0,40,2902,0,100
2067,77610.0,70,3214,0,1680
2068,31761.0,96,2691,0,98
2069,34350.0,81,2859,0,48
2070,54591.0,63,2934,0,519
2072,25293.0,51,2893,0,37
2073,42000.0,23,3141,0,653
2074,69520.0,95,2963,0,1455
2075,64713.0,11,2748,0,602
2076,27889.0,42,2965,0,26
2077,22123.0,77,2700,0,102
2080,27803.0,40,3278,0,176
2082,51651.0,32,3205,0,433
2083,68487.0,48,3138,0,1366
2085,56796.0,24,3104,0,1001
2086,87000.0,61,3167,0,961
2087,79823.0,6,2696,1,1518
2088,30828.0,16,2874,0,56
2089,34109.0,39,2841,0,22
2090,53367.0,2,2908,0,400
2091,22390.0,49,2857,0,26
2092,71322.0,31,2664,0,350
2094,49912.0,5,3266,1,874
2095,48699.0,90,3010,0,40
2097,54252.0,25,3003,0,264
2099,76068.0,67,3183,2,1376
2100,53204.0,40,2707,0,45
2101,67911.0,63,2644,0,976
2102,14796.0,1,3256,0,51
2103,78128.0,89,2736,2,1264
2104,14188.0,40,3092,0,75
2105,20425.0,5,3214,0,57
2106,58646.0,3,2990,0,140
2107,72967.0,1,3167,1,497
2108,48150.0,24,2992,0,266
2110,58275.0,48,2998,0,615
2111,44953.0,31,3161,1,1021
2112,34587.0,68,2650,0,22
2113,43018.0,46,2846,0,133
2114,45736.0,92,2946,0,437
2115,66476.0,80,2813,0,1013
2116,27733.0,16,2913,0,57
2117,69805.0,50,2765,0,1038
2119,25818.0,51,3225,0,28
2120,37509.0,24,3261,0,123
2121,25176.0,79,2929,0,13
2122,43586.0,26,3274,0,132
2124,50116.0,68,2615,1,66
2125,84906.0,98,2874,3,1631
2126,61286.0,34,2937,0,608
2127,82333.0,60,3062,1,1822
2128,65220.0,3,3270,0,1282
2129,33590.0,65,2844,0,8
2130,30992.0,83,3039,0,43
2133,16005.0,69,3290,0,103
2135,58692.0,21,2690,0,395
2136,40590.0,30,2876,1,258
2137,20587.0,39,2655,0,25
2138,62637.0,76,2726,0,185
2139,29435.0,11,3298,0,180
2140,19346.0,26,2756,0,22
2141,35788.0,34,2763,0,44
2142,36997.0,72,3119,0,94
2143,23539.0,13,2727,0,81
2144,65333.0,58,2769,2,798
2145,78499.0,12,2824,1,1334
2146,29732.0,23,2702,0,38
2147,41275.0,33,2703,0,61
2148,63516.0,30,2964,0,300
2149,42769.0,15,2866,0,88
2150,49572.0,25,2802,0,54
2152,17148.0,80,2758,0,68
2153,40590.0,30,2876,1,258
2154,30560.0,6,2973,0,31
2155,32146.0,16,2654,0,66
2156,41713.0,57,2667,0,174
2157,34176.0,9,2764,0,28
2158,58482.0,59,2715,1,731
2159,59686.0,78,2761,0,274
2161,62994.0,74,2723,0,312
2162,47320.0,10,2938,0,414
2163,74859.0,63,2997,1,1565
2164,15253.0,13,2850,0,29
2165,31560.0,98,2976,0,94
2169,41967.0,66,2824,0,54
2170,69263.0,14,2722,1,568
2171,65706.0,77,2972,3,1199
2174,65210.0,25,2717,2,731
2177,48432.0,3,3225,0,424
2179,38946.0,84,2854,0,257
2180,26067.0,49,2843,0,56
2181,44325.0,69,3085,1,542
2182,42523.0,96,2673,0,125
2183,26487.0,23,3011,0,69
2184,53233.0,18,2709,0,40
2185,67716.0,8,3141,1,1016
2186,76234.0,21,2749,1,907
2189,25224.0,36,2711,0,46
2190,89616.0,36,3095,0,1644
2191,40851.0,63,3099,0,59
2192,27469.0,2,3302,0,17
2194,73803.0,61,3303,1,1528
2195,8820.0,52,3070,0,35
2196,43322.0,25,2675,0,141
2197,55593.0,63,2918,1,546
2198,50501.0,10,2982,1,500
2199,37085.0,65,2609,0,61
2200,16185.0,71,2934,0,106
2201,57731.0,0,3189,0,704
2202,48432.0,3,3225,0,424
2203,73807.0,88,3149,0,849
2204,18929.0,15,3104,0,85
2205,35893.0,80,3228,0,199
2206,61014.0,17,3293,0,1147
2207,32144.0,76,2704,1,54
2208,14918.0,52,3175,0,43
2209,45146.0,28,2955,0,53
2210,41769.0,31,3107,0,521
2212,38054.0,24,2665,0,45
2213,80617.0,42,3231,0,1435
2215,36807.0,88,3162,0,16
2216,28427.0,67,3071,0,52
2218,22775.0,40,2981,0,15
2219,40101.0,73,3229,0,415
2220,58025.0,81,2821,0,470
2221,75777.0,12,2966,2,1438
2222,7500.0,7,3024,0,53
2223,33562.0,33,2610,0,51
2224,57642.0,24,2777,1,679
2225,58554.0,55,3247,0,586
2226,63777.0,87,3068,0,653
2227,57967.0,39,3089,0,468
2229,24434.0,9,2648,0,50
2230,11012.0,82,3076,1,84
2231,44802.0,71,3283,0,1049
2232,26816.0,50,3287,0,22
2234,34421.0,81,2969,0,30
2236,64014.0,56,2625,1,444
2237,56981.0,91,2761,1,1241
2238,69245.0,8,2762,0,843
2239,52869.0,40,3228,0,172
